protocol,model_A,model_B,difference_definition,point_difference,bootstrap_mean_difference,bootstrap_sd_difference,bootstrap_ci_low_95,bootstrap_ci_high_95,bootstrap_replicates,paired_on,formal_p_value,interpretation
random,yolov8s,yolo11s,F1(A) - F1(B),-0.0008693217239336692,-0.0008907675470846488,0.006891806416180375,-0.014271160735010316,0.01280218913982107,5000,test image,not calculated,secondary paired-bootstrap uncertainty interval; within-protocol only
random,yolov8s,yolo26s,F1(A) - F1(B),-0.01229094040966161,-0.01176996629953345,0.00847021877463656,-0.027723264339928895,0.00588019384438681,5000,test image,not calculated,secondary paired-bootstrap uncertainty interval; within-protocol only
random,yolov8s,rtdetr_l,F1(A) - F1(B),0.024709691645647014,0.024785450214538356,0.0077219360442273765,0.00971471849764146,0.0399091786671276,5000,test image,not calculated,secondary paired-bootstrap uncertainty interval; within-protocol only
random,yolo11s,yolo26s,F1(A) - F1(B),-0.011421618685727941,-0.0108791987524488,0.009586383598167778,-0.02915240374048908,0.008389559235966302,5000,test image,not calculated,secondary paired-bootstrap uncertainty interval; within-protocol only
random,yolo11s,rtdetr_l,F1(A) - F1(B),0.025579013369580683,0.02567621776162301,0.0077967936955521885,0.010655782156991792,0.041210141888305706,5000,test image,not calculated,secondary paired-bootstrap uncertainty interval; within-protocol only
random,yolo26s,rtdetr_l,F1(A) - F1(B),0.037000632055308624,0.03655541651407181,0.009764185409304137,0.01701457178639588,0.05480013962309926,5000,test image,not calculated,secondary paired-bootstrap uncertainty interval; within-protocol only
batch_disjoint,yolov8s,yolo11s,F1(A) - F1(B),-0.004639516651906372,-0.004917974285400645,0.006954336554748965,-0.01891443517011591,0.008795588079456943,5000,test image,not calculated,secondary paired-bootstrap uncertainty interval; within-protocol only
batch_disjoint,yolov8s,yolo26s,F1(A) - F1(B),-0.018776820803952043,-0.01909373020243,0.00908399192269129,-0.037018719841555574,-0.0014144938998804407,5000,test image,not calculated,secondary paired-bootstrap uncertainty interval; within-protocol only
batch_disjoint,yolov8s,rtdetr_l,F1(A) - F1(B),0.01063319684255254,0.010360629559044704,0.00994152914636637,-0.009814821542167923,0.029237698552787638,5000,test image,not calculated,secondary paired-bootstrap uncertainty interval; within-protocol only
batch_disjoint,yolo11s,yolo26s,F1(A) - F1(B),-0.014137304152045671,-0.014175755917029357,0.008369125419330237,-0.030629821412025436,0.0020882393011632683,5000,test image,not calculated,secondary paired-bootstrap uncertainty interval; within-protocol only
batch_disjoint,yolo11s,rtdetr_l,F1(A) - F1(B),0.015272713494458912,0.01527860384444535,0.008444002743501676,-0.0014225043796247752,0.031766151270885806,5000,test image,not calculated,secondary paired-bootstrap uncertainty interval; within-protocol only
batch_disjoint,yolo26s,rtdetr_l,F1(A) - F1(B),0.029410017646504583,0.029454359761474713,0.010740975678840888,0.008210000534679752,0.04997493953121187,5000,test image,not calculated,secondary paired-bootstrap uncertainty interval; within-protocol only
