protocol,model_key,model,seed,pretrained_checkpoint_frozen,args_model,optimizer_requested,lr0_argument,momentum_argument,weight_decay_argument,imgsz,epoch_budget,epochs_completed,early_stopped_before_budget,epoch_of_max_validation_mAP50_95,max_validation_mAP50_95,patience,batch,workers,amp,deterministic_requested,mosaic,close_mosaic,mixup,copy_paste,best_pt_bytes,best_pt_MiB,best_pt_sha256,checkpoint_hash_registered_in_final_manifest,results_csv,args_yaml_present
random,yolov8s,YOLOv8s,42,yolov8s.pt,yolov8s.pt,auto,0.01,0.937,0.0005,640,100,95,True,75,0.31835,20,4,4,True,True,0.5,10,0.0,0.0,22495338,21.45322608947754,aa30c4b4560761ec79851bef2716b19ab86d4c4b4ba05a2ff36a5ce6397d2749,True,/content/GDRIVE_REAL/MyDrive/Atik14082026/TACO_Pipeline_v5/03_runs/random/yolov8s_seed42/results.csv,True
random,yolov8s,YOLOv8s,123,yolov8s.pt,yolov8s.pt,auto,0.01,0.937,0.0005,640,100,95,True,75,0.32083,20,4,4,True,True,0.5,10,0.0,0.0,22495338,21.45322608947754,049cfc4ecf282a97c3f0e435a201f781711bf8420d6d5204710d3439a10e0e09,True,/content/GDRIVE_REAL/MyDrive/Atik14082026/TACO_Pipeline_v5/03_runs/random/yolov8s_seed123/results.csv,True
random,yolov8s,YOLOv8s,2026,yolov8s.pt,yolov8s.pt,auto,0.01,0.937,0.0005,640,100,100,False,83,0.31047,20,4,4,True,True,0.5,10,0.0,0.0,22495978,21.45383644104004,05ab128ee4ee42582eaa7bbbe00f085beb917c8df27d6c375f9b5a72c8b28e74,True,/content/GDRIVE_REAL/MyDrive/Atik14082026/TACO_Pipeline_v5/03_runs/random/yolov8s_seed2026/results.csv,True
random,yolo11s,YOLO11s,42,yolo11s.pt,yolo11s.pt,auto,0.01,0.937,0.0005,640,100,94,True,74,0.3035,20,4,4,True,True,0.5,10,0.0,0.0,19153946,18.266626358032227,7f40d62fcddd364e3dea33e0219391fe16459272d72932f94b754e9918fcfd39,True,/content/GDRIVE_REAL/MyDrive/Atik14082026/TACO_Pipeline_v5/03_runs/random/yolo11s_seed42/results.csv,True
random,yolo11s,YOLO11s,123,yolo11s.pt,yolo11s.pt,auto,0.01,0.937,0.0005,640,100,100,False,98,0.31086,20,4,4,True,True,0.5,10,0.0,0.0,19154714,18.267358779907227,605fece05acbbe13a6675ff64d2f1f556552879abfc1472bcc5e742898050e04,True,/content/GDRIVE_REAL/MyDrive/Atik14082026/TACO_Pipeline_v5/03_runs/random/yolo11s_seed123/results.csv,True
random,yolo11s,YOLO11s,2026,yolo11s.pt,yolo11s.pt,auto,0.01,0.937,0.0005,640,100,95,True,75,0.31413,20,4,4,True,True,0.5,10,0.0,0.0,19154074,18.266748428344727,e9c920dbf4b74636a5604b783e1ed7ca63eaa731218767deea7649e5c82eeb50,True,/content/GDRIVE_REAL/MyDrive/Atik14082026/TACO_Pipeline_v5/03_runs/random/yolo11s_seed2026/results.csv,True
random,yolo26s,YOLO26s,42,yolo26s.pt,yolo26s.pt,auto,0.01,0.937,0.0005,640,100,94,True,74,0.33114,20,4,4,True,True,0.5,10,0.0,0.0,20288005,19.348149299621586,ffefe4f699860b3bc1874588a2875df82ca178370a3e419a53a63afd2031d129,True,/content/GDRIVE_REAL/MyDrive/Atik14082026/TACO_Pipeline_v5/03_runs/random/yolo26s_seed42/results.csv,True
random,yolo26s,YOLO26s,123,yolo26s.pt,yolo26s.pt,auto,0.01,0.937,0.0005,640,100,73,True,53,0.3324,20,4,4,True,True,0.5,10,0.0,0.0,20285317,19.34558582305908,63da8c7f84700d813a00873ddb72be3e4c654e389c20a389931a95926b8f81e9,True,/content/GDRIVE_REAL/MyDrive/Atik14082026/TACO_Pipeline_v5/03_runs/random/yolo26s_seed123/results.csv,True
random,yolo26s,YOLO26s,2026,yolo26s.pt,yolo26s.pt,auto,0.01,0.937,0.0005,640,100,100,False,96,0.3353,20,4,4,True,True,0.5,10,0.0,0.0,20288773,19.348881721496586,360b2d0049a40617ebada6652845e02561b5c86d889b98f48f20a58ce54b29af,True,/content/GDRIVE_REAL/MyDrive/Atik14082026/TACO_Pipeline_v5/03_runs/random/yolo26s_seed2026/results.csv,True
random,rtdetr_l,RT-DETR-L,42,rtdetr-l.pt,rtdetr-l.pt,auto,0.01,0.937,0.0005,640,100,93,True,73,0.34718,20,4,4,True,True,0.5,10,0.0,0.0,66224893,63.15697956085205,895979a1c9555f89ed39a1f9ef98249acff873b67ff1b738a28c4659b2494d6f,True,/content/GDRIVE_REAL/MyDrive/Atik14082026/TACO_Pipeline_v5/03_runs/random/rtdetr_l_seed42/results.csv,True
random,rtdetr_l,RT-DETR-L,123,rtdetr-l.pt,rtdetr-l.pt,auto,0.01,0.937,0.0005,640,100,21,True,1,0.28231,20,4,4,True,True,0.5,10,0.0,0.0,66214205,63.1467866897583,944b98641c9017b41dc4da8e7f2f054d0adb800337f791628c1b316c8e8807c3,True,/content/GDRIVE_REAL/MyDrive/Atik14082026/TACO_Pipeline_v5/03_runs/random/rtdetr_l_seed123/results.csv,True
random,rtdetr_l,RT-DETR-L,2026,rtdetr-l.pt,rtdetr-l.pt,auto,0.01,0.937,0.0005,640,100,91,True,71,0.31859,20,4,4,True,True,0.5,10,0.0,0.0,66224189,63.1563081741333,c74c0202d4a69411261735adc8aa6dea436c51a3b1207369109b24b99d05169f,True,/content/GDRIVE_REAL/MyDrive/Atik14082026/TACO_Pipeline_v5/03_runs/random/rtdetr_l_seed2026/results.csv,True
batch_disjoint,yolov8s,YOLOv8s,42,yolov8s.pt,yolov8s.pt,auto,0.01,0.937,0.0005,640,100,54,True,34,0.32925,20,4,4,True,True,0.5,10,0.0,0.0,22506026,21.46341896057129,82bd0d23d2a654dc2dd260992a6621635d4bf7c8085b0c74d272298c325a0a51,True,/content/GDRIVE_REAL/MyDrive/Atik14082026/TACO_Pipeline_v5/03_runs/batch_disjoint/yolov8s_seed42/results.csv,True
batch_disjoint,yolov8s,YOLOv8s,123,yolov8s.pt,yolov8s.pt,auto,0.01,0.937,0.0005,640,100,64,True,44,0.33121,20,4,4,True,True,0.5,10,0.0,0.0,22507306,21.46463966369629,ffdad9d024639bbc0ff99a700a02529d483c86665984e8cb8ecb674289ec7986,True,/content/GDRIVE_REAL/MyDrive/Atik14082026/TACO_Pipeline_v5/03_runs/batch_disjoint/yolov8s_seed123/results.csv,True
batch_disjoint,yolov8s,YOLOv8s,2026,yolov8s.pt,yolov8s.pt,auto,0.01,0.937,0.0005,640,100,72,True,52,0.33134,20,4,4,True,True,0.5,10,0.0,0.0,22508330,21.46561622619629,dd8d3cbde59a67392c749551fc67dd839cfd25e62a30bbfc2d630b41f1f7a25a,True,/content/GDRIVE_REAL/MyDrive/Atik14082026/TACO_Pipeline_v5/03_runs/batch_disjoint/yolov8s_seed2026/results.csv,True
batch_disjoint,yolo11s,YOLO11s,42,yolo11s.pt,yolo11s.pt,auto,0.01,0.937,0.0005,640,100,81,True,61,0.32869,20,4,4,True,True,0.5,10,0.0,0.0,19168154,18.280176162719727,4b21576476caea9704e27cba354de42f401344b362d32a22bd4fe79dede5dd46,True,/content/GDRIVE_REAL/MyDrive/Atik14082026/TACO_Pipeline_v5/03_runs/batch_disjoint/yolo11s_seed42/results.csv,True
batch_disjoint,yolo11s,YOLO11s,123,yolo11s.pt,yolo11s.pt,auto,0.01,0.937,0.0005,640,100,77,True,57,0.32962,20,4,4,True,True,0.5,10,0.0,0.0,19167642,18.279687881469727,6c75c67d48ee96bfa5094852d4c48774375564cf7731cf2fbdf8b1ff042c27c4,True,/content/GDRIVE_REAL/MyDrive/Atik14082026/TACO_Pipeline_v5/03_runs/batch_disjoint/yolo11s_seed123/results.csv,True
batch_disjoint,yolo11s,YOLO11s,2026,yolo11s.pt,yolo11s.pt,auto,0.01,0.937,0.0005,640,100,81,True,61,0.3316,20,4,4,True,True,0.5,10,0.0,0.0,19168154,18.280176162719727,0c026b178e5fc1165c38220937f37d976954ac6c98d5701ed1cd19d4557afdaa,True,/content/GDRIVE_REAL/MyDrive/Atik14082026/TACO_Pipeline_v5/03_runs/batch_disjoint/yolo11s_seed2026/results.csv,True
batch_disjoint,yolo26s,YOLO26s,42,yolo26s.pt,yolo26s.pt,auto,0.01,0.937,0.0005,640,100,78,True,58,0.33808,20,4,4,True,True,0.5,10,0.0,0.0,20301829,19.361332893371586,3cc88cdb4505f43c469d770280179533da24831ac649ae52ce6b3cad5938daec,True,/content/GDRIVE_REAL/MyDrive/Atik14082026/TACO_Pipeline_v5/03_runs/batch_disjoint/yolo26s_seed42/results.csv,True
batch_disjoint,yolo26s,YOLO26s,123,yolo26s.pt,yolo26s.pt,auto,0.01,0.937,0.0005,640,100,100,False,88,0.34772,20,4,4,True,True,0.5,10,0.0,0.0,20304645,19.364018440246586,8407e1d112c5635bd1d9325d915ed9f7cb3a248514845e090ac7885e3c427842,True,/content/GDRIVE_REAL/MyDrive/Atik14082026/TACO_Pipeline_v5/03_runs/batch_disjoint/yolo26s_seed123/results.csv,True
batch_disjoint,yolo26s,YOLO26s,2026,yolo26s.pt,yolo26s.pt,auto,0.01,0.937,0.0005,640,100,100,False,96,0.34403,20,4,4,True,True,0.5,10,0.0,0.0,20304645,19.364018440246586,3da1d174957cfcc8bfc7982bad0e775bea92a9bf84af15b0f6636a8344b70c62,True,/content/GDRIVE_REAL/MyDrive/Atik14082026/TACO_Pipeline_v5/03_runs/batch_disjoint/yolo26s_seed2026/results.csv,True
batch_disjoint,rtdetr_l,RT-DETR-L,42,rtdetr-l.pt,rtdetr-l.pt,auto,0.01,0.937,0.0005,640,100,53,True,33,0.32536,20,4,4,True,True,0.5,10,0.0,0.0,66218941,63.1513032913208,4c797279a599cc4cdac836a1bd4ab981b2cf95b6e690c53ec68ba99826ff5203,True,/content/GDRIVE_REAL/MyDrive/Atik14082026/TACO_Pipeline_v5/03_runs/batch_disjoint/rtdetr_l_seed42/results.csv,True
batch_disjoint,rtdetr_l,RT-DETR-L,123,rtdetr-l.pt,rtdetr-l.pt,auto,0.01,0.937,0.0005,640,100,21,True,1,0.31718,20,4,4,True,True,0.5,10,0.0,0.0,66214141,63.14672565460205,76a5e3c7178a5486f4774dc3cf0aa32b07776da3ea0a24172980bc4df088d7b6,True,/content/GDRIVE_REAL/MyDrive/Atik14082026/TACO_Pipeline_v5/03_runs/batch_disjoint/rtdetr_l_seed123/results.csv,True
batch_disjoint,rtdetr_l,RT-DETR-L,2026,rtdetr-l.pt,rtdetr-l.pt,auto,0.01,0.937,0.0005,640,100,21,True,1,0.29061,20,4,4,True,True,0.5,10,0.0,0.0,66214077,63.1466646194458,7b86af1fbd25e9f513299bcce8e06414cbb2e0e63c046bf5ecb0fe8f1ad976a1,True,/content/GDRIVE_REAL/MyDrive/Atik14082026/TACO_Pipeline_v5/03_runs/batch_disjoint/rtdetr_l_seed2026/results.csv,True
